<?xml version="1.0" encoding="UTF-8"?>
<addon id="plugin.togglesg.lwx" version="1.0.0" name="Toggle SG" provider-name="lwx">
  <requires>
    <import addon="xbmc.python" version="2.25.0"/>
  </requires>

  <requires>
    <import addon="script.module.requests" version="2.12.4"/>
    <import addon="script.module.web-pdb" />
  </requires>

  <extension point="xbmc.python.pluginsource" library="main.py">
    <provides>video</provides>
  </extension>
  <extension point="xbmc.addon.metadata">
    <summary lang="en">Toggle SG Plugin</summary>
    <description lang="en_GB">Plugin for playing Toggle Singapore Shows</description>
  </extension>
</addon>

